epoch,train_loss,val_loss,demo_episodes_processed
1,0.20802374626509845,0.20802374626509845,2
2,0.19790403498336673,0.19790403498336673,4
3,0.18681296277791262,0.18681296277791262,6
