{
  "scenario_id": "training_env_19",
  "source_seed": 25,
  "spawn_position": [
    -1.4494934479964243,
    -0.276225407669159
  ],
  "spawn_yaw": 0.21815133250438246,
  "goal_center": [
    1.95,
    0.0
  ],
  "goal_half_extents": [
    0.2,
    0.35
  ],
  "obstacles": [
    {
      "center": [
        0.2915591895285581,
        0.156141227927805
      ],
      "radius": 0.12964327399392048
    },
    {
      "center": [
        0.2915591895285581,
        -0.14651667604414473
      ],
      "radius": 0.12001872211026021
    }
  ]
}
