{
  "scenario_id": "training_env_17",
  "source_seed": 23,
  "spawn_position": [
    -1.9713290675328945,
    0.3888028165616768
  ],
  "spawn_yaw": -0.16906098112568735,
  "goal_center": [
    2.55,
    0.0
  ],
  "goal_half_extents": [
    0.2,
    0.35
  ],
  "obstacles": [
    {
      "center": [
        0.12111714634806647,
        0.18549531156897095
      ],
      "radius": 0.16163598483944186
    },
    {
      "center": [
        0.12111714634806647,
        -0.18234681998222294
      ],
      "radius": 0.15848749325269385
    }
  ]
}