{
  "scenario_id": "training_env_12",
  "source_seed": 18,
  "spawn_position": [
    -1.860580038247499,
    0.07031941990474733
  ],
  "spawn_yaw": 0.024360016488756298,
  "goal_center": [
    2.55,
    0.0
  ],
  "goal_half_extents": [
    0.2,
    0.35
  ],
  "obstacles": [
    {
      "center": [
        0.10977731998731022,
        0.17238304599413445
      ],
      "radius": 0.14395834615305436
    },
    {
      "center": [
        0.10977731998731022,
        -0.19146958059837305
      ],
      "radius": 0.16304488075729295
    }
  ]
}