{
  "scenario_id": "training_env_03",
  "source_seed": 9,
  "spawn_position": [
    -1.2709813425991086,
    0.37384210844145677
  ],
  "spawn_yaw": -0.014906771810194286,
  "goal_center": [
    1.95,
    0.0
  ],
  "goal_half_extents": [
    0.2,
    0.35
  ],
  "obstacles": [
    {
      "center": [
        0.5597848243127173,
        0.21030939673975194
      ],
      "radius": 0.17221495223820507
    },
    {
      "center": [
        0.5597848243127173,
        -0.1753034770468002
      ],
      "radius": 0.13720903254525332
    }
  ]
}
