{
  "scenario_id": "training_env_09",
  "source_seed": 15,
  "spawn_position": [
    -1.3071006857415672,
    -0.3183791159487622
  ],
  "spawn_yaw": 0.15853217737511693,
  "goal_center": [
    1.95,
    0.0
  ],
  "goal_half_extents": [
    0.2,
    0.35
  ],
  "obstacles": [
    {
      "center": [
        0.07986900507722416,
        0.19189680481169483
      ],
      "radius": 0.16156460207790913
    },
    {
      "center": [
        0.07986900507722416,
        -0.19928122941394913
      ],
      "radius": 0.16894902668016343
    }
  ]
}
