{
  "scenario_id": "training_env_14",
  "source_seed": 20,
  "spawn_position": [
    -1.3477078978064487,
    -0.3855244075158016
  ],
  "spawn_yaw": 0.004388877408926017,
  "goal_center": [
    1.95,
    0.0
  ],
  "goal_half_extents": [
    0.2,
    0.35
  ],
  "obstacles": [
    {
      "center": [
        0.3928084703759007,
        0.16045614853510282
      ],
      "radius": 0.13680455775780956
    },
    {
      "center": [
        0.3928084703759007,
        -0.17132039336546978
      ],
      "radius": 0.14766880258817652
    }
  ]
}
