{
  "scenario_id": "training_env_05",
  "source_seed": 11,
  "spawn_position": [
    -2.1482258703978907,
    0.4710321252564065
  ],
  "spawn_yaw": -0.21988474827565874,
  "goal_center": [
    2.55,
    0.0
  ],
  "goal_half_extents": [
    0.2,
    0.35
  ],
  "obstacles": [
    {
      "center": [
        0.09000017706413166,
        0.1657591628948527
      ],
      "radius": 0.12771421216615197
    },
    {
      "center": [
        0.09000017706413166,
        -0.18800162247510763
      ],
      "radius": 0.1499566717464069
    }
  ]
}