{
  "scenario_id": "training_env_13",
  "source_seed": 19,
  "spawn_position": [
    -1.372364135421722,
    0.19636673208486927
  ],
  "spawn_yaw": 0.01942455365602802,
  "goal_center": [
    1.95,
    0.0
  ],
  "goal_half_extents": [
    0.2,
    0.35
  ],
  "obstacles": [
    {
      "center": [
        0.08983183570025499,
        0.1734388273807041
      ],
      "radius": 0.14522272774375564
    },
    {
      "center": [
        0.08983183570025499,
        -0.20376826032595066
      ],
      "radius": 0.1755521606890022
    }
  ]
}
