{
  "scenario_id": "training_env_19",
  "source_seed": 25,
  "spawn_position": [
    -2.1992908271949942,
    -0.3376088315956388
  ],
  "spawn_yaw": 0.20804135897769083,
  "goal_center": [
    2.55,
    0.0
  ],
  "goal_half_extents": [
    0.2,
    0.35
  ],
  "obstacles": [
    {
      "center": [
        0.21419872269840035,
        0.156141227927805
      ],
      "radius": 0.12964327399392048
    },
    {
      "center": [
        0.21419872269840035,
        -0.14651667604414473
      ],
      "radius": 0.12001872211026021
    }
  ]
}