{
  "scenario_id": "training_env_17",
  "source_seed": 23,
  "spawn_position": [
    -1.2866636196663532,
    0.3181113953686446
  ],
  "spawn_yaw": -0.18124807088534878,
  "goal_center": [
    1.95,
    0.0
  ],
  "goal_half_extents": [
    0.2,
    0.35
  ],
  "obstacles": [
    {
      "center": [
        0.12497877283602055,
        0.18549531156897095
      ],
      "radius": 0.16163598483944186
    },
    {
      "center": [
        0.12497877283602055,
        -0.18234681998222294
      ],
      "radius": 0.15848749325269385
    }
  ]
}
