{
  "scenario_id": "training_env_10",
  "source_seed": 16,
  "spawn_position": [
    -1.29462274040483,
    -0.43051049713556055
  ],
  "spawn_yaw": 0.23653087734510603,
  "goal_center": [
    1.95,
    0.0
  ],
  "goal_half_extents": [
    0.2,
    0.35
  ],
  "obstacles": [
    {
      "center": [
        0.2784921055355769,
        0.17683722509660763
      ],
      "radius": 0.15401501033276188
    },
    {
      "center": [
        0.2784921055355769,
        -0.16866686349325688
      ],
      "radius": 0.14584464872941114
    }
  ]
}
