{
  "scenario_id": "training_env_07",
  "source_seed": 13,
  "spawn_position": [
    -2.172980189798553,
    0.4911123584906698
  ],
  "spawn_yaw": -0.07183457467895993,
  "goal_center": [
    2.55,
    0.0
  ],
  "goal_half_extents": [
    0.2,
    0.35
  ],
  "obstacles": [
    {
      "center": [
        0.17518936827843,
        0.21621855718452543
      ],
      "radius": 0.17188785522099517
    },
    {
      "center": [
        0.17518936827843,
        -0.2156488528594538
      ],
      "radius": 0.17131815089592353
    }
  ]
}