{
  "scenario_id": "training_env_07",
  "source_seed": 13,
  "spawn_position": [
    -1.4307001355703945,
    0.401819202401457
  ],
  "spawn_yaw": -0.08652516847280367,
  "goal_center": [
    1.95,
    0.0
  ],
  "goal_half_extents": [
    0.2,
    0.35
  ],
  "obstacles": [
    {
      "center": [
        0.22174736672779205,
        0.21621855718452543
      ],
      "radius": 0.17188785522099517
    },
    {
      "center": [
        0.22174736672779205,
        -0.2156488528594538
      ],
      "radius": 0.17131815089592353
    }
  ]
}
