{
  "scenario_id": "training_env_12",
  "source_seed": 18,
  "spawn_position": [
    -1.207557170176785,
    0.05753407083115686
  ],
  "spawn_yaw": 0.022082961424001013,
  "goal_center": [
    1.95,
    0.0
  ],
  "goal_half_extents": [
    0.2,
    0.35
  ],
  "obstacles": [
    {
      "center": [
        0.1046848212887661,
        0.17238304599413445
      ],
      "radius": 0.14395834615305436
    },
    {
      "center": [
        0.1046848212887661,
        -0.19146958059837305
      ],
      "radius": 0.16304488075729295
    }
  ]
}
