{
  "scenario_id": "training_env_01",
  "source_seed": 7,
  "spawn_position": [
    -1.3749584287721937,
    0.33619810085663576
  ],
  "spawn_yaw": -0.23892697072844937,
  "goal_center": [
    1.95,
    0.0
  ],
  "goal_half_extents": [
    0.2,
    0.35
  ],
  "obstacles": [
    {
      "center": [
        0.1980107094438377,
        0.20077629870363584
      ],
      "radius": 0.15750572799628001
    },
    {
      "center": [
        0.1980107094438377,
        -0.2171033987655303
      ],
      "radius": 0.17383282805817452
    }
  ]
}
