{
  "scenario_id": "training_env_16",
  "source_seed": 22,
  "spawn_position": [
    -2.039232034339619,
    0.5364431807682217
  ],
  "spawn_yaw": -0.018187316828549793,
  "goal_center": [
    2.55,
    0.0
  ],
  "goal_half_extents": [
    0.2,
    0.35
  ],
  "obstacles": [
    {
      "center": [
        0.3185681576619368,
        0.16463756612376293
      ],
      "radius": 0.14198081492592457
    },
    {
      "center": [
        0.3185681576619368,
        -0.15461447396034333
      ],
      "radius": 0.13195772276250498
    }
  ]
}