{
  "scenario_id": "training_env_06",
  "source_seed": 12,
  "spawn_position": [
    -1.3625276898510106,
    -0.24251287806908467
  ],
  "spawn_yaw": 0.12067787339913005,
  "goal_center": [
    1.95,
    0.0
  ],
  "goal_half_extents": [
    0.2,
    0.35
  ],
  "obstacles": [
    {
      "center": [
        0.16793587382386033,
        0.1607290790226996
      ],
      "radius": 0.13504946748650676
    },
    {
      "center": [
        0.16793587382386033,
        -0.2024847881077583
      ],
      "radius": 0.17680517657156547
    }
  ]
}
