{
  "scenario_id": "training_env_03",
  "source_seed": 9,
  "spawn_position": [
    -1.9493738796387523,
    0.4569181325395584
  ],
  "spawn_yaw": -0.0005636539778945959,
  "goal_center": [
    2.55,
    0.0
  ],
  "goal_half_extents": [
    0.2,
    0.35
  ],
  "obstacles": [
    {
      "center": [
        0.3640774743487851,
        0.21030939673975194
      ],
      "radius": 0.17221495223820507
    },
    {
      "center": [
        0.3640774743487851,
        -0.1753034770468002
      ],
      "radius": 0.13720903254525332
    }
  ]
}