{
  "scenario_id": "training_env_05",
  "source_seed": 11,
  "spawn_position": [
    -1.413018478855636,
    0.3853899206643326
  ],
  "spawn_yaw": -0.23405991424304817,
  "goal_center": [
    1.95,
    0.0
  ],
  "goal_half_extents": [
    0.2,
    0.35
  ],
  "obstacles": [
    {
      "center": [
        0.06929130048362375,
        0.1657591628948527
      ],
      "radius": 0.12771421216615197
    },
    {
      "center": [
        0.06929130048362375,
        -0.18800162247510763
      ],
      "radius": 0.1499566717464069
    }
  ]
}
