{
  "scenario_id": "training_env_08",
  "source_seed": 14,
  "spawn_position": [
    -1.2896706298029588,
    0.043526887931982505
  ],
  "spawn_yaw": 0.059816944181766196,
  "goal_center": [
    1.95,
    0.0
  ],
  "goal_half_extents": [
    0.2,
    0.35
  ],
  "obstacles": [
    {
      "center": [
        0.6138778052574494,
        0.21094117830080833
      ],
      "radius": 0.16985899913334668
    },
    {
      "center": [
        0.6138778052574494,
        -0.18273897917751705
      ],
      "radius": 0.1416568000100554
    }
  ]
}
