{
  "scenario_id": "training_env_02",
  "source_seed": 8,
  "spawn_position": [
    -1.232525872075946,
    -0.0980236741147254
  ],
  "spawn_yaw": 0.013444202046331455,
  "goal_center": [
    1.95,
    0.0
  ],
  "goal_half_extents": [
    0.2,
    0.35
  ],
  "obstacles": [
    {
      "center": [
        0.566999552962119,
        0.16917966175089913
      ],
      "radius": 0.13961833659633363
    },
    {
      "center": [
        0.566999552962119,
        -0.208797935754841
      ],
      "radius": 0.17923661060027551
    }
  ]
}
