{
  "scenario_id": "training_env_11",
  "source_seed": 17,
  "spawn_position": [
    -1.3962645091095578,
    -0.1027583661697214
  ],
  "spawn_yaw": 0.01063847778034166,
  "goal_center": [
    1.95,
    0.0
  ],
  "goal_half_extents": [
    0.2,
    0.35
  ],
  "obstacles": [
    {
      "center": [
        0.29159236179009773,
        0.20743682398884486
      ],
      "radius": 0.1707044875678741
    },
    {
      "center": [
        0.29159236179009773,
        -0.16639072189111717
      ],
      "radius": 0.1296583854701464
    }
  ]
}
