{
  "scenario_id": "training_env_18",
  "source_seed": 24,
  "spawn_position": [
    -1.3089468731424372,
    0.06271857945756171
  ],
  "spawn_yaw": 0.08523037444223114,
  "goal_center": [
    1.95,
    0.0
  ],
  "goal_half_extents": [
    0.2,
    0.35
  ],
  "obstacles": [
    {
      "center": [
        0.3821918475619468,
        0.1770582647799747
      ],
      "radius": 0.13981613020015893
    },
    {
      "center": [
        0.3821918475619468,
        -0.18155277351816437
      ],
      "radius": 0.1443106389383486
    }
  ]
}
