{
  "scenario_id": "training_env_01",
  "source_seed": 7,
  "spawn_position": [
    -2.094941800281071,
    0.4109087899358881
  ],
  "spawn_yaw": -0.22639001121962732,
  "goal_center": [
    2.55,
    0.0
  ],
  "goal_half_extents": [
    0.2,
    0.35
  ],
  "obstacles": [
    {
      "center": [
        0.1619258315365566,
        0.20077629870363584
      ],
      "radius": 0.15750572799628001
    },
    {
      "center": [
        0.1619258315365566,
        -0.2171033987655303
      ],
      "radius": 0.17383282805817452
    }
  ]
}