{
  "scenario_id": "training_env_04",
  "source_seed": 10,
  "spawn_position": [
    -1.3217988458908587,
    -0.327672356381544
  ],
  "spawn_yaw": 0.152606623819739,
  "goal_center": [
    1.95,
    0.0
  ],
  "goal_half_extents": [
    0.2,
    0.35
  ],
  "obstacles": [
    {
      "center": [
        0.1482797906187232,
        0.22221344913597443
      ],
      "radius": 0.17736010257773852
    },
    {
      "center": [
        0.1482797906187232,
        -0.1773142551629847
      ],
      "radius": 0.1324609086047488
    }
  ]
}
