{
  "scenario_id": "training_env_14",
  "source_seed": 20,
  "spawn_position": [
    -2.056791056929028,
    -0.47119649807486863
  ],
  "spawn_yaw": -0.010061077824698561,
  "goal_center": [
    2.55,
    0.0
  ],
  "goal_half_extents": [
    0.2,
    0.35
  ],
  "obstacles": [
    {
      "center": [
        0.2707746567291296,
        0.16045614853510282
      ],
      "radius": 0.13680455775780956
    },
    {
      "center": [
        0.2707746567291296,
        -0.17132039336546978
      ],
      "radius": 0.14766880258817652
    }
  ]
}