{
  "scenario_id": "training_env_04",
  "source_seed": 10,
  "spawn_position": [
    -2.0205183842472025,
    -0.40048843557744274
  ],
  "spawn_yaw": 0.14019000247848146,
  "goal_center": [
    2.55,
    0.0
  ],
  "goal_half_extents": [
    0.2,
    0.35
  ],
  "obstacles": [
    {
      "center": [
        0.13413725704801926,
        0.22221344913597443
      ],
      "radius": 0.17736010257773852
    },
    {
      "center": [
        0.13413725704801926,
        -0.1773142551629847
      ],
      "radius": 0.1324609086047488
    }
  ]
}