{
  "scenario_id": "training_env_09",
  "source_seed": 15,
  "spawn_position": [
    -1.9999409600381943,
    -0.3891300306040427
  ],
  "spawn_yaw": 0.14640907808957637,
  "goal_center": [
    2.55,
    0.0
  ],
  "goal_half_extents": [
    0.2,
    0.35
  ],
  "obstacles": [
    {
      "center": [
        0.09591077230269329,
        0.19189680481169483
      ],
      "radius": 0.16156460207790913
    },
    {
      "center": [
        0.09591077230269329,
        -0.19928122941394913
      ],
      "radius": 0.16894902668016343
    }
  ]
}