{
  "scenario_id": "training_env_20",
  "source_seed": 26,
  "spawn_position": [
    -1.915409679520696,
    0.053170353043362484
  ],
  "spawn_yaw": 0.02559949503477066,
  "goal_center": [
    2.55,
    0.0
  ],
  "goal_half_extents": [
    0.2,
    0.35
  ],
  "obstacles": [
    {
      "center": [
        0.3404061026208538,
        0.17152416780206406
      ],
      "radius": 0.14949593505629427
    },
    {
      "center": [
        0.3404061026208538,
        -0.15609220418264477
      ],
      "radius": 0.13406397143687498
    }
  ]
}