{
  "scenario_id": "training_env_13",
  "source_seed": 19,
  "spawn_position": [
    -2.091309789590411,
    0.24000378365928465
  ],
  "spawn_yaw": 0.026796052012543203,
  "goal_center": [
    2.55,
    0.0
  ],
  "goal_half_extents": [
    0.2,
    0.35
  ],
  "obstacles": [
    {
      "center": [
        0.10147778910884453,
        0.1734388273807041
      ],
      "radius": 0.14522272774375564
    },
    {
      "center": [
        0.10147778910884453,
        -0.20376826032595066
      ],
      "radius": 0.1755521606890022
    }
  ]
}