{
  "scenario_id": "training_env_18",
  "source_seed": 24,
  "spawn_position": [
    -2.0025256223994123,
    0.0766560415592421
  ],
  "spawn_yaw": 0.08763650004346557,
  "goal_center": [
    2.55,
    0.0
  ],
  "goal_half_extents": [
    0.2,
    0.35
  ],
  "obstacles": [
    {
      "center": [
        0.26484231482087406,
        0.1770582647799747
      ],
      "radius": 0.13981613020015893
    },
    {
      "center": [
        0.26484231482087406,
        -0.18155277351816437
      ],
      "radius": 0.1443106389383486
    }
  ]
}