{
  "scenario_id": "training_env_16",
  "source_seed": 22,
  "spawn_position": [
    -1.3351657388140132,
    0.43890805699218144
  ],
  "spawn_yaw": -0.034640171023487376,
  "goal_center": [
    1.95,
    0.0
  ],
  "goal_half_extents": [
    0.2,
    0.35
  ],
  "obstacles": [
    {
      "center": [
        0.47834055537860265,
        0.16463756612376293
      ],
      "radius": 0.14198081492592457
    },
    {
      "center": [
        0.47834055537860265,
        -0.15461447396034333
      ],
      "radius": 0.13195772276250498
    }
  ]
}
