{
  "scenario_id": "training_env_06",
  "source_seed": 12,
  "spawn_position": [
    -2.077538765791415,
    -0.2964046287511035
  ],
  "spawn_yaw": 0.11156237721830564,
  "goal_center": [
    2.55,
    0.0
  ],
  "goal_half_extents": [
    0.2,
    0.35
  ],
  "obstacles": [
    {
      "center": [
        0.14512065621302694,
        0.1607290790226996
      ],
      "radius": 0.13504946748650676
    },
    {
      "center": [
        0.14512065621302694,
        -0.2024847881077583
      ],
      "radius": 0.17680517657156547
    }
  ]
}