{
  "scenario_id": "training_env_02",
  "source_seed": 8,
  "spawn_position": [
    -1.8955362209063245,
    -0.11980671280688665
  ],
  "spawn_yaw": 0.009596715026255698,
  "goal_center": [
    2.55,
    0.0
  ],
  "goal_half_extents": [
    0.2,
    0.35
  ],
  "obstacles": [
    {
      "center": [
        0.3681089105101303,
        0.16917966175089913
      ],
      "radius": 0.13961833659633363
    },
    {
      "center": [
        0.3681089105101303,
        -0.208797935754841
      ],
      "radius": 0.17923661060027551
    }
  ]
}