{
  "scenario_id": "training_env_10",
  "source_seed": 16,
  "spawn_position": [
    -1.9824718365667624,
    -0.5261794964990185
  ],
  "spawn_yaw": 0.22019081572587718,
  "goal_center": [
    2.55,
    0.0
  ],
  "goal_half_extents": [
    0.2,
    0.35
  ],
  "obstacles": [
    {
      "center": [
        0.20689711545957445,
        0.17683722509660763
      ],
      "radius": 0.15401501033276188
    },
    {
      "center": [
        0.20689711545957445,
        -0.16866686349325688
      ],
      "radius": 0.14584464872941114
    }
  ]
}