{
  "scenario_id": "training_env_08",
  "source_seed": 14,
  "spawn_position": [
    -1.9755388817241424,
    0.05319952969464525
  ],
  "spawn_yaw": 0.06149686557861056,
  "goal_center": [
    2.55,
    0.0
  ],
  "goal_half_extents": [
    0.2,
    0.35
  ],
  "obstacles": [
    {
      "center": [
        0.3943034759148496,
        0.21094117830080833
      ],
      "radius": 0.16985899913334668
    },
    {
      "center": [
        0.3943034759148496,
        -0.18273897917751705
      ],
      "radius": 0.1416568000100554
    }
  ]
}