{
  "scenario_id": "training_env_15",
  "source_seed": 21,
  "spawn_position": [
    -1.9792499544441335,
    0.528891772446898
  ],
  "spawn_yaw": -0.1376353339118528,
  "goal_center": [
    2.55,
    0.0
  ],
  "goal_half_extents": [
    0.2,
    0.35
  ],
  "obstacles": [
    {
      "center": [
        0.11210982148952864,
        0.208161091041301
      ],
      "radius": 0.16686705532904825
    },
    {
      "center": [
        0.11210982148952864,
        -0.19764485748651084
      ],
      "radius": 0.15635082177425808
    }
  ]
}