{
  "scenario_id": "training_env_11",
  "source_seed": 17,
  "spawn_position": [
    -2.1247703127533812,
    -0.1255935586518817
  ],
  "spawn_yaw": 0.006799534944441188,
  "goal_center": [
    2.55,
    0.0
  ],
  "goal_half_extents": [
    0.2,
    0.35
  ],
  "obstacles": [
    {
      "center": [
        0.2142172586491231,
        0.20743682398884486
      ],
      "radius": 0.1707044875678741
    },
    {
      "center": [
        0.2142172586491231,
        -0.16639072189111717
      ],
      "radius": 0.1296583854701464
    }
  ]
}