{
  "scenario_id": "training_env_20",
  "source_seed": 26,
  "spawn_position": [
    -1.24672119965764,
    0.04350301612638746
  ],
  "spawn_yaw": 0.02389829728573778,
  "goal_center": [
    1.95,
    0.0
  ],
  "goal_half_extents": [
    0.2,
    0.35
  ],
  "obstacles": [
    {
      "center": [
        0.5174221235427845,
        0.17152416780206406
      ],
      "radius": 0.14949593505629427
    },
    {
      "center": [
        0.5174221235427845,
        -0.15609220418264477
      ],
      "radius": 0.13406397143687498
    }
  ]
}
