{
  "scenario_id": "training_env_15",
  "source_seed": 21,
  "spawn_position": [
    -1.2923213960315239,
    0.4327296320020075
  ],
  "spawn_yaw": -0.1540681493200795,
  "goal_center": [
    1.95,
    0.0
  ],
  "goal_half_extents": [
    0.2,
    0.35
  ],
  "obstacles": [
    {
      "center": [
        0.10885910676404675,
        0.208161091041301
      ],
      "radius": 0.16686705532904825
    },
    {
      "center": [
        0.10885910676404675,
        -0.19764485748651084
      ],
      "radius": 0.15635082177425808
    }
  ]
}
